Product Name,Stone Type,Product,Feature,Image
ER100,Round,Engagement Rings,Bezel,images/ER100.jpg
ER101,Round,Engagement Rings,Bezel,images/ER101.jpg
ER103,Round,Engagement Rings,Solitaire,images/ER103.jpg
ER429,Emerald,Engagement Rings,Combination,images/ER429.jpg
ER1296,Oval,Engagement Rings,Halo,images/ER1296.jpg
ER688,Princess,Engagement Rings,Halo,images/ER688.jpg
F100,Round,Fancy Rings,V Split,images/F100.jpg
F104,Round,Fancy Rings,4 Prong,images/F104.jpg
F108,Plain,Fancy Rings,Plain,images/F108.jpg
M1,Round,Musteri1,Halo,images/muster1.jpg
